"","MPA","Species","Scenario","Exposure","Ecological sensitivity","Ecological adaptive capacity","Q_Exposure","Q_Ecological sensitivity","Q_Ecological adaptive capacity","Index"
"1","Cap de Creus","Paracentrotus lividus","RCP85_2100",0.866317376125847,0.4375,0.8,"Extreme","High","Extreme","High"
"2","Tavolara","Sparus aurata","RCP85_2100",0.974587499689849,0.428571428571429,0.8,"Extreme","High","Extreme","High"
"3","Tavolara","Sciaena umbra","RCP85_2100",0.974587499689849,0.479166666666667,0.8,"Extreme","High","Extreme","High"
"4","Tavolara","Epinephelus marginatus","RCP85_2100",0.974587499689849,0.4375,0.8,"Extreme","High","Extreme","High"
"5","Brijuni","Tursiops truncatus","RCP85_2100",0.933756502824438,0.416666666666667,0.875,"Extreme","High","Extreme","High"
"6","Calanques","Sciaena umbra","RCP85_2100",0.70647291764881,0.4375,0.75,"Extreme","High","Extreme","High"
"7","Portofino","Sphyraena sphyraena","RCP85_2100",0.970040650406504,0.4375,0.9,"Extreme","High","Extreme","High"
"8","Calanques","Sparus aurata","RCP85_2100",0.70647291764881,0.416666666666667,0.75,"Extreme","High","Extreme","High"
"9","Portofino","Sphyraena sphyraena","RCP26_2050",0.458796495711651,0.4375,0.9,"High","High","Extreme","Intermediate"
"10","Tavolara","Sparus aurata","RCP26_2050",0.461864991836836,0.428571428571429,0.8,"High","High","Extreme","Intermediate"
"11","Portofino","Epinephelus marginatus","RCP26_2050",0.458796495711651,0.5,0.8,"High","High","Extreme","Intermediate"
"12","Tavolara","Sciaena umbra","RCP26_2050",0.461864991836836,0.479166666666667,0.8,"High","High","Extreme","Intermediate"
"13","Tavolara","Epinephelus marginatus","RCP26_2050",0.461864991836836,0.4375,0.8,"High","High","Extreme","Intermediate"
"14","Portofino","Epinephelus marginatus","RCP85_2050",0.434847145373793,0.4375,0.8,"Intermediate","High","Extreme","Intermediate"
"15","Tavolara","Epinephelus marginatus","RCP45_2050",0.432146845975072,0.4375,0.8,"Intermediate","High","Extreme","Intermediate"
"16","Tavolara","Epinephelus marginatus","RCP85_2050",0.434577053817334,0.4375,0.8,"Intermediate","High","Extreme","Intermediate"
"17","Tavolara","Sciaena umbra","RCP85_2050",0.434577053817334,0.479166666666667,0.8,"Intermediate","High","Extreme","Intermediate"
"18","Calanques","Sparus aurata","RCP45_2100",0.41503981506753,0.416666666666667,0.75,"Intermediate","High","Extreme","Intermediate"
"19","Cap de Creus","Paracentrotus lividus","RCP85_2050",0.324972508994368,0.4375,0.8,"Intermediate","High","Extreme","Intermediate"
"20","Portofino","Sphyraena sphyraena","RCP26_2100",0.361786455102598,0.4375,0.9,"Intermediate","High","Extreme","Intermediate"
"21","Portofino","Sphyraena sphyraena","RCP85_2050",0.434847145373793,0.4375,0.9,"Intermediate","High","Extreme","Intermediate"
"22","Portofino","Epinephelus marginatus","RCP26_2100",0.361786455102598,0.4375,0.8,"Intermediate","High","Extreme","Intermediate"
"23","Brijuni","Tursiops truncatus","RCP45_2050",0.388660873053288,0.416666666666667,0.875,"Intermediate","High","Extreme","Intermediate"
"24","Portofino","Sphyraena sphyraena","RCP45_2050",0.415490583827507,0.4375,0.9,"Intermediate","High","Extreme","Intermediate"
"25","Tavolara","Sparus aurata","RCP26_2100",0.358770124639192,0.428571428571429,0.8,"Intermediate","High","Extreme","Intermediate"
"26","Cap de Creus","Paracentrotus lividus","RCP26_2050",0.379403039877098,0.4375,0.8,"Intermediate","High","Extreme","Intermediate"
"27","Portofino","Epinephelus marginatus","RCP45_2050",0.415490583827507,0.4375,0.8,"Intermediate","High","Extreme","Intermediate"
"28","Tavolara","Sparus aurata","RCP85_2050",0.434577053817334,0.428571428571429,0.8,"Intermediate","High","Extreme","Intermediate"
"29","Tavolara","Sciaena umbra","RCP45_2050",0.432146845975072,0.479166666666667,0.8,"Intermediate","High","Extreme","Intermediate"
"30","Brijuni","Tursiops truncatus","RCP26_2050",0.397798662630573,0.416666666666667,0.875,"Intermediate","High","Extreme","Intermediate"
"31","Tavolara","Sciaena umbra","RCP26_2100",0.358770124639192,0.479166666666667,0.8,"Intermediate","High","Extreme","Intermediate"
"32","Calanques","Sciaena umbra","RCP45_2100",0.41503981506753,0.4375,0.75,"Intermediate","High","Extreme","Intermediate"
"33","Tavolara","Epinephelus marginatus","RCP26_2100",0.358770124639192,0.4375,0.8,"Intermediate","High","Extreme","Intermediate"
"34","Brijuni","Tursiops truncatus","RCP26_2100",0.327934363860424,0.416666666666667,0.875,"Intermediate","High","Extreme","Intermediate"
"35","Tavolara","Sparus aurata","RCP45_2050",0.432146845975072,0.428571428571429,0.8,"Intermediate","High","Extreme","Intermediate"
"36","Brijuni","Tursiops truncatus","RCP85_2050",0.417290578038029,0.416666666666667,0.875,"Intermediate","High","Extreme","Intermediate"
"37","Calanques","Sparus aurata","RCP85_2050",0.291469539074841,0.416666666666667,0.75,"Low","High","Extreme","Intermediate"
"38","Calanques","Sparus aurata","RCP45_2050",0.300068377870961,0.416666666666667,0.75,"Low","High","Extreme","Intermediate"
"39","Calanques","Sciaena umbra","RCP26_2050",0.308621277158855,0.4375,0.75,"Low","High","Extreme","Intermediate"
"40","Calanques","Sciaena umbra","RCP26_2100",0.232993792852476,0.4375,0.75,"Low","High","Extreme","Intermediate"
"41","Calanques","Sparus aurata","RCP26_2050",0.308621277158855,0.416666666666667,0.75,"Low","High","Extreme","Intermediate"
"42","Calanques","Sciaena umbra","RCP45_2050",0.300068377870961,0.4375,0.75,"Low","High","Extreme","Intermediate"
"43","Cap de Creus","Paracentrotus lividus","RCP45_2050",0.291554004044364,0.4375,0.8,"Low","High","Extreme","Intermediate"
"44","Calanques","Sparus aurata","RCP26_2100",0.232993792852476,0.416666666666667,0.75,"Low","High","Extreme","Intermediate"
"45","Cap de Creus","Paracentrotus lividus","RCP26_2100",0.276650910354068,0.4375,0.8,"Low","High","Extreme","Intermediate"
"46","Calanques","Sciaena umbra","RCP85_2050",0.291469539074841,0.4375,0.75,"Low","High","Extreme","Intermediate"
"47","Portofino","Epinephelus marginatus","RCP45_2100",0.63336813636702,0.5,0.8,"Very High","High","Extreme","High"
"48","Tavolara","Epinephelus marginatus","RCP45_2100",0.650834673183965,0.4375,0.8,"Very High","High","Extreme","High"
"49","Cap de Creus","Paracentrotus lividus","RCP45_2100",0.545879821932197,0.4375,0.8,"Very High","High","Extreme","High"
"50","Tavolara","Sparus aurata","RCP45_2100",0.650834673183965,0.428571428571429,0.8,"Very High","High","Extreme","High"
"51","Portofino","Sphyraena sphyraena","RCP45_2100",0.63336813636702,0.4375,0.9,"Very High","High","Extreme","High"
"52","Tavolara","Sciaena umbra","RCP45_2100",0.650834673183965,0.479166666666667,0.8,"Very High","High","Extreme","High"
"53","Calanques","Tursiops truncatus","RCP85_2100",0.70647291764881,0.3125,0.833333333333333,"Extreme","Intermediate","Extreme","High"
"54","Calanques","Octopus vulgaris","RCP85_2100",0.70647291764881,0.395833333333333,0.75,"Extreme","Intermediate","Extreme","High"
"55","Tavolara","Caretta caretta","RCP85_2100",0.974587499689849,0.357142857142857,0.75,"Extreme","Intermediate","Extreme","High"
"56","Tavolara","Tursiops truncatus","RCP85_2100",0.974587499689849,0.375,0.75,"Extreme","Intermediate","Extreme","High"
"57","Tavolara","Caretta caretta","RCP26_2050",0.461864991836836,0.357142857142857,0.75,"High","Intermediate","Extreme","Intermediate"
"58","Tavolara","Tursiops truncatus","RCP26_2050",0.461864991836836,0.375,0.75,"High","Intermediate","Extreme","Intermediate"
"59","Calanques","Tursiops truncatus","RCP45_2100",0.41503981506753,0.3125,0.833333333333333,"Intermediate","Intermediate","Extreme","Intermediate"
"60","Calanques","Octopus vulgaris","RCP45_2100",0.41503981506753,0.333333333333333,0.75,"Intermediate","Intermediate","Extreme","Intermediate"
"61","Tavolara","Caretta caretta","RCP26_2100",0.358770124639192,0.357142857142857,0.75,"Intermediate","Intermediate","Extreme","Intermediate"
"62","Tavolara","Tursiops truncatus","RCP26_2100",0.358770124639192,0.375,0.75,"Intermediate","Intermediate","Extreme","Intermediate"
"63","Tavolara","Tursiops truncatus","RCP45_2050",0.432146845975072,0.375,0.75,"Intermediate","Intermediate","Extreme","Intermediate"
"64","Tavolara","Caretta caretta","RCP85_2050",0.434577053817334,0.357142857142857,0.75,"Intermediate","Intermediate","Extreme","Intermediate"
"65","Tavolara","Caretta caretta","RCP45_2050",0.432146845975072,0.357142857142857,0.75,"Intermediate","Intermediate","Extreme","Intermediate"
"66","Tavolara","Tursiops truncatus","RCP85_2050",0.434577053817334,0.375,0.75,"Intermediate","Intermediate","Extreme","Intermediate"
"67","Calanques","Octopus vulgaris","RCP85_2050",0.291469539074841,0.333333333333333,0.75,"Low","Intermediate","Extreme","Low"
"68","Calanques","Tursiops truncatus","RCP26_2050",0.308621277158855,0.3125,0.833333333333333,"Low","Intermediate","Extreme","Low"
"69","Calanques","Octopus vulgaris","RCP26_2050",0.308621277158855,0.395833333333333,0.75,"Low","Intermediate","Extreme","Low"
"70","Calanques","Tursiops truncatus","RCP45_2050",0.300068377870961,0.3125,0.833333333333333,"Low","Intermediate","Extreme","Low"
"71","Calanques","Octopus vulgaris","RCP26_2100",0.232993792852476,0.333333333333333,0.75,"Low","Intermediate","Extreme","Low"
"72","Calanques","Tursiops truncatus","RCP26_2100",0.232993792852476,0.3125,0.833333333333333,"Low","Intermediate","Extreme","Low"
"73","Calanques","Tursiops truncatus","RCP85_2050",0.291469539074841,0.3125,0.833333333333333,"Low","Intermediate","Extreme","Low"
"74","Calanques","Octopus vulgaris","RCP45_2050",0.300068377870961,0.333333333333333,0.75,"Low","Intermediate","Extreme","Low"
"75","Tavolara","Tursiops truncatus","RCP45_2100",0.650834673183965,0.375,0.75,"Very High","Intermediate","Extreme","Intermediate"
"76","Tavolara","Caretta caretta","RCP45_2100",0.650834673183965,0.357142857142857,0.75,"Very High","Intermediate","Extreme","Intermediate"
"77","Cap de Creus","Octopus vulgaris","RCP85_2100",0.866317376125847,0.19047619047619,0.75,"Extreme","Low","Extreme","Intermediate"
"78","Tavolara","Octopus vulgaris","RCP85_2100",0.974587499689849,0.214285714285714,0.8,"Extreme","Low","Extreme","Intermediate"
"79","Portofino","Seriola dumerilii","RCP85_2100",0.970040650406504,0.125,0.9,"Extreme","Low","Extreme","Intermediate"
"80","Brijuni","Caulerpa cylindracea","RCP85_2100",0.933756502824438,0.0833333333333333,0.8,"Extreme","Low","Extreme","Intermediate"
"81","Tavolara","Octopus vulgaris","RCP26_2050",0.461864991836836,0.214285714285714,0.8,"High","Low","Extreme","Intermediate"
"82","Portofino","Seriola dumerilii","RCP26_2050",0.458796495711651,0.125,0.9,"High","Low","Extreme","Intermediate"
"83","Brijuni","Caulerpa cylindracea","RCP26_2100",0.327934363860424,0.0833333333333333,0.8,"Intermediate","Low","Extreme","Low"
"84","Portofino","Seriola dumerilii","RCP85_2050",0.434847145373793,0.125,0.9,"Intermediate","Low","Extreme","Low"
"85","Brijuni","Caulerpa cylindracea","RCP45_2050",0.388660873053288,0.0833333333333333,0.8,"Intermediate","Low","Extreme","Low"
"86","Brijuni","Caulerpa cylindracea","RCP26_2050",0.397798662630573,0.0833333333333333,0.8,"Intermediate","Low","Extreme","Low"
"87","Cap de Creus","Octopus vulgaris","RCP26_2050",0.379403039877098,0.19047619047619,0.75,"Intermediate","Low","Extreme","Low"
"88","Tavolara","Octopus vulgaris","RCP26_2100",0.358770124639192,0.214285714285714,0.8,"Intermediate","Low","Extreme","Low"
"89","Tavolara","Octopus vulgaris","RCP85_2050",0.434577053817334,0.214285714285714,0.8,"Intermediate","Low","Extreme","Low"
"90","Portofino","Seriola dumerilii","RCP26_2100",0.361786455102598,0.125,0.9,"Intermediate","Low","Extreme","Low"
"91","Brijuni","Caulerpa cylindracea","RCP85_2050",0.417290578038029,0.0833333333333333,0.8,"Intermediate","Low","Extreme","Low"
"92","Cap de Creus","Octopus vulgaris","RCP85_2050",0.324972508994368,0.19047619047619,0.75,"Intermediate","Low","Extreme","Low"
"93","Tavolara","Octopus vulgaris","RCP45_2050",0.432146845975072,0.214285714285714,0.8,"Intermediate","Low","Extreme","Low"
"94","Portofino","Seriola dumerilii","RCP45_2050",0.415490583827507,0.125,0.9,"Intermediate","Low","Extreme","Low"
"95","Cap de Creus","Octopus vulgaris","RCP45_2050",0.291554004044364,0.19047619047619,0.75,"Low","Low","Extreme","Low"
"96","Cap de Creus","Octopus vulgaris","RCP26_2100",0.276650910354068,0.19047619047619,0.75,"Low","Low","Extreme","Low"
"97","Portofino","Seriola dumerilii","RCP45_2100",0.63336813636702,0.125,0.9,"Very High","Low","Extreme","Intermediate"
"98","Brijuni","Caulerpa cylindracea","RCP45_2100",0.579798129171526,0.0833333333333333,0.8,"Very High","Low","Extreme","Intermediate"
"99","Cap de Creus","Octopus vulgaris","RCP45_2100",0.545879821932197,0.19047619047619,0.75,"Very High","Low","Extreme","Intermediate"
"100","Tavolara","Octopus vulgaris","RCP45_2100",0.650834673183965,0.214285714285714,0.8,"Very High","Low","Extreme","Intermediate"
"101","Brijuni","Dicentrarchus labrax","RCP85_2100",0.933756502824438,0.583333333333333,0.875,"Extreme","Very High","Extreme","High"
"102","Brijuni","Dentex dentex","RCP85_2100",0.933756502824438,0.625,0.8,"Extreme","Very High","Extreme","High"
"103","Portofino","Dentex dentex","RCP85_2100",0.970040650406504,0.604166666666667,0.8,"Extreme","Very High","Extreme","High"
"104","Brijuni","Sparus aurata","RCP85_2100",0.933756502824438,0.520833333333333,0.9,"Extreme","Very High","Extreme","High"
"105","Cap de Creus","Palinurus elephas","RCP85_2100",0.866317376125847,0.625,0.8,"Extreme","Very High","Extreme","High"
"106","Cap de Creus","Dentex dentex","RCP85_2100",0.866317376125847,0.625,0.8,"Extreme","Very High","Extreme","High"
"107","Portofino","Epinephelus marginatus","RCP85_2100",0.970040650406504,0.5625,0.8,"Extreme","Very High","Extreme","High"
"108","Tavolara","Paracentrotus lividus","RCP85_2100",0.974587499689849,0.571428571428571,0.8,"Extreme","Very High","Extreme","High"
"109","Tavolara","Paracentrotus lividus","RCP26_2050",0.461864991836836,0.571428571428571,0.8,"High","Very High","Extreme","High"
"110","Portofino","Dentex dentex","RCP26_2050",0.458796495711651,0.604166666666667,0.8,"High","Very High","Extreme","High"
"111","Cap de Creus","Palinurus elephas","RCP85_2050",0.324972508994368,0.625,0.8,"Intermediate","Very High","Extreme","Intermediate"
"112","Brijuni","Dicentrarchus labrax","RCP85_2050",0.417290578038029,0.583333333333333,0.875,"Intermediate","Very High","Extreme","Intermediate"
"113","Brijuni","Sparus aurata","RCP85_2050",0.417290578038029,0.520833333333333,0.9,"Intermediate","Very High","Extreme","Intermediate"
"114","Brijuni","Sparus aurata","RCP45_2050",0.388660873053288,0.520833333333333,0.9,"Intermediate","Very High","Extreme","Intermediate"
"115","Portofino","Dentex dentex","RCP85_2050",0.434847145373793,0.604166666666667,0.8,"Intermediate","Very High","Extreme","Intermediate"
"116","Cap de Creus","Dentex dentex","RCP85_2050",0.324972508994368,0.625,0.8,"Intermediate","Very High","Extreme","Intermediate"
"117","Brijuni","Dentex dentex","RCP85_2050",0.417290578038029,0.625,0.8,"Intermediate","Very High","Extreme","Intermediate"
"118","Tavolara","Paracentrotus lividus","RCP45_2050",0.432146845975072,0.571428571428571,0.8,"Intermediate","Very High","Extreme","Intermediate"
"119","Portofino","Dentex dentex","RCP45_2050",0.415490583827507,0.604166666666667,0.8,"Intermediate","Very High","Extreme","Intermediate"
"120","Tavolara","Paracentrotus lividus","RCP26_2100",0.358770124639192,0.571428571428571,0.8,"Intermediate","Very High","Extreme","Intermediate"
"121","Cap de Creus","Dentex dentex","RCP26_2050",0.379403039877098,0.625,0.8,"Intermediate","Very High","Extreme","Intermediate"
"122","Brijuni","Dicentrarchus labrax","RCP45_2050",0.388660873053288,0.583333333333333,0.875,"Intermediate","Very High","Extreme","Intermediate"
"123","Cap de Creus","Palinurus elephas","RCP26_2050",0.379403039877098,0.625,0.8,"Intermediate","Very High","Extreme","Intermediate"
"124","Brijuni","Dentex dentex","RCP45_2050",0.388660873053288,0.625,0.8,"Intermediate","Very High","Extreme","Intermediate"
"125","Portofino","Dentex dentex","RCP26_2100",0.361786455102598,0.604166666666667,0.8,"Intermediate","Very High","Extreme","Intermediate"
"126","Brijuni","Sparus aurata","RCP26_2100",0.327934363860424,0.520833333333333,0.9,"Intermediate","Very High","Extreme","Intermediate"
"127","Brijuni","Dicentrarchus labrax","RCP26_2100",0.327934363860424,0.583333333333333,0.875,"Intermediate","Very High","Extreme","Intermediate"
"128","Brijuni","Dentex dentex","RCP26_2100",0.327934363860424,0.625,0.8,"Intermediate","Very High","Extreme","Intermediate"
"129","Brijuni","Dentex dentex","RCP26_2050",0.397798662630573,0.625,0.8,"Intermediate","Very High","Extreme","Intermediate"
"130","Tavolara","Paracentrotus lividus","RCP85_2050",0.434577053817334,0.571428571428571,0.8,"Intermediate","Very High","Extreme","Intermediate"
"131","Brijuni","Sparus aurata","RCP26_2050",0.397798662630573,0.520833333333333,0.9,"Intermediate","Very High","Extreme","Intermediate"
"132","Brijuni","Dicentrarchus labrax","RCP26_2050",0.397798662630573,0.583333333333333,0.875,"Intermediate","Very High","Extreme","Intermediate"
"133","Cap de Creus","Dentex dentex","RCP26_2100",0.276650910354068,0.625,0.8,"Low","Very High","Extreme","Intermediate"
"134","Cap de Creus","Dentex dentex","RCP45_2050",0.291554004044364,0.625,0.8,"Low","Very High","Extreme","Intermediate"
"135","Cap de Creus","Palinurus elephas","RCP26_2100",0.276650910354068,0.625,0.8,"Low","Very High","Extreme","Intermediate"
"136","Cap de Creus","Palinurus elephas","RCP45_2050",0.291554004044364,0.625,0.8,"Low","Very High","Extreme","Intermediate"
"137","Portofino","Dentex dentex","RCP45_2100",0.63336813636702,0.604166666666667,0.8,"Very High","Very High","Extreme","High"
"138","Cap de Creus","Dentex dentex","RCP45_2100",0.545879821932197,0.625,0.8,"Very High","Very High","Extreme","High"
"139","Brijuni","Sparus aurata","RCP45_2100",0.579798129171526,0.520833333333333,0.9,"Very High","Very High","Extreme","High"
"140","Tavolara","Paracentrotus lividus","RCP45_2100",0.650834673183965,0.571428571428571,0.8,"Very High","Very High","Extreme","High"
"141","Cap de Creus","Palinurus elephas","RCP45_2100",0.545879821932197,0.625,0.8,"Very High","Very High","Extreme","High"
"142","Brijuni","Dentex dentex","RCP45_2100",0.579798129171526,0.625,0.8,"Very High","Very High","Extreme","High"
"143","Brijuni","Tursiops truncatus","RCP45_2100",0.579798129171526,0.541666666666667,0.875,"Very High","Very High","Extreme","High"
"144","Brijuni","Dicentrarchus labrax","RCP45_2100",0.579798129171526,0.583333333333333,0.875,"Very High","Very High","Extreme","High"
"145","Brijuni","Pinna nobilis","RCP85_2100",0.933756502824438,0.895833333333333,0.5,"Extreme","Extreme","High","Very High"
"146","Cap de Creus","Pinna nobilis","RCP85_2100",0.866317376125847,0.833333333333333,0.5,"Extreme","Extreme","High","Very High"
"147","Brijuni","Cladocora caespitosa","RCP85_2100",0.933756502824438,0.666666666666667,0.5,"Extreme","Extreme","High","Very High"
"148","Cap de Creus","Pinna nobilis","RCP85_2050",0.324972508994368,0.833333333333333,0.5,"Intermediate","Extreme","High","High"
"149","Brijuni","Pinna nobilis","RCP26_2100",0.327934363860424,0.895833333333333,0.5,"Intermediate","Extreme","High","High"
"150","Brijuni","Cladocora caespitosa","RCP85_2050",0.417290578038029,0.666666666666667,0.5,"Intermediate","Extreme","High","High"
"151","Brijuni","Pinna nobilis","RCP85_2050",0.417290578038029,0.895833333333333,0.5,"Intermediate","Extreme","High","High"
"152","Brijuni","Cladocora caespitosa","RCP26_2100",0.327934363860424,0.666666666666667,0.5,"Intermediate","Extreme","High","High"
"153","Cap de Creus","Pinna nobilis","RCP26_2050",0.379403039877098,0.833333333333333,0.5,"Intermediate","Extreme","High","High"
"154","Brijuni","Pinna nobilis","RCP26_2050",0.397798662630573,0.895833333333333,0.5,"Intermediate","Extreme","High","High"
"155","Brijuni","Cladocora caespitosa","RCP45_2050",0.388660873053288,0.666666666666667,0.5,"Intermediate","Extreme","High","High"
"156","Brijuni","Pinna nobilis","RCP45_2050",0.388660873053288,0.895833333333333,0.5,"Intermediate","Extreme","High","High"
"157","Brijuni","Cladocora caespitosa","RCP26_2050",0.397798662630573,0.666666666666667,0.5,"Intermediate","Extreme","High","High"
"158","Cap de Creus","Pinna nobilis","RCP45_2050",0.291554004044364,0.833333333333333,0.5,"Low","Extreme","High","High"
"159","Cap de Creus","Pinna nobilis","RCP26_2100",0.276650910354068,0.833333333333333,0.5,"Low","Extreme","High","High"
"160","Cap de Creus","Pinna nobilis","RCP45_2100",0.545879821932197,0.833333333333333,0.5,"Very High","Extreme","High","Very High"
"161","Brijuni","Pinna nobilis","RCP45_2100",0.579798129171526,0.770833333333333,0.5,"Very High","Extreme","High","Very High"
"162","Tavolara","Cystoseira amentacea","RCP85_2100",0.974587499689849,0.5,0.5,"Extreme","High","High","Very High"
"163","Calanques","Physeter macrocephalus","RCP85_2100",0.70647291764881,0.5,0.5,"Extreme","High","High","Very High"
"164","Portofino","Thunnus thynnus","RCP85_2100",0.970040650406504,0.5,0.5,"Extreme","High","High","Very High"
"165","Calanques","Lithophyllum spp.","RCP85_2100",0.70647291764881,0.444444444444444,0.5,"Extreme","High","High","Very High"
"166","Baix Emporda","Tursiops truncatus","RCP85_2100",0.866317376125847,0.416666666666667,0.5,"Extreme","High","High","Very High"
"167","Tavolara","Cystoseira amentacea","RCP26_2050",0.461864991836836,0.5,0.5,"High","High","High","High"
"168","Portofino","Thunnus thynnus","RCP26_2050",0.458796495711651,0.4375,0.5,"High","High","High","High"
"169","Baix Emporda","Tursiops truncatus","RCP26_2050",0.379403039877098,0.416666666666667,0.5,"Intermediate","High","High","High"
"170","Calanques","Lithophyllum spp.","RCP45_2100",0.41503981506753,0.444444444444444,0.5,"Intermediate","High","High","High"
"171","Portofino","Thunnus thynnus","RCP85_2050",0.434847145373793,0.4375,0.5,"Intermediate","High","High","High"
"172","Tavolara","Cystoseira amentacea","RCP45_2050",0.432146845975072,0.5,0.5,"Intermediate","High","High","High"
"173","Tavolara","Cystoseira amentacea","RCP26_2100",0.358770124639192,0.5,0.5,"Intermediate","High","High","High"
"174","Baix Emporda","Tursiops truncatus","RCP85_2050",0.324972508994368,0.416666666666667,0.5,"Intermediate","High","High","High"
"175","Portofino","Thunnus thynnus","RCP26_2100",0.361786455102598,0.4375,0.5,"Intermediate","High","High","High"
"176","Portofino","Thunnus thynnus","RCP45_2050",0.415490583827507,0.4375,0.5,"Intermediate","High","High","High"
"177","Calanques","Physeter macrocephalus","RCP45_2100",0.41503981506753,0.5,0.5,"Intermediate","High","High","High"
"178","Tavolara","Cystoseira amentacea","RCP85_2050",0.434577053817334,0.5,0.5,"Intermediate","High","High","High"
"179","Baix Emporda","Tursiops truncatus","RCP26_2100",0.276650910354068,0.416666666666667,0.5,"Low","High","High","Intermediate"
"180","Baix Emporda","Tursiops truncatus","RCP45_2050",0.291554004044364,0.416666666666667,0.5,"Low","High","High","Intermediate"
"181","Calanques","Lithophyllum spp.","RCP26_2100",0.232993792852476,0.444444444444444,0.5,"Low","High","High","Intermediate"
"182","Calanques","Lithophyllum spp.","RCP45_2050",0.300068377870961,0.444444444444444,0.5,"Low","High","High","Intermediate"
"183","Calanques","Lithophyllum spp.","RCP85_2050",0.291469539074841,0.444444444444444,0.5,"Low","High","High","Intermediate"
"184","Calanques","Lithophyllum spp.","RCP26_2050",0.308621277158855,0.444444444444444,0.5,"Low","High","High","Intermediate"
"185","Calanques","Physeter macrocephalus","RCP26_2050",0.308621277158855,0.5,0.5,"Low","High","High","Intermediate"
"186","Baix Emporda","Tursiops truncatus","RCP45_2100",0.545879821932197,0.416666666666667,0.5,"Very High","High","High","High"
"187","Portofino","Thunnus thynnus","RCP45_2100",0.63336813636702,0.5,0.5,"Very High","High","High","High"
"188","Tavolara","Cystoseira amentacea","RCP45_2100",0.650834673183965,0.5,0.5,"Very High","High","High","High"
"189","Baix Emporda","Caretta caretta","RCP85_2100",0.866317376125847,0.333333333333333,0.5,"Extreme","Intermediate","High","High"
"190","Cap de Creus","Caretta caretta","RCP85_2100",0.866317376125847,0.333333333333333,0.5,"Extreme","Intermediate","High","High"
"191","Cap de Creus","Tursiops truncatus","RCP85_2100",0.866317376125847,0.357142857142857,0.5,"Extreme","Intermediate","High","High"
"192","Baix Emporda","Caretta caretta","RCP26_2050",0.379403039877098,0.333333333333333,0.5,"Intermediate","Intermediate","High","Intermediate"
"193","Cap de Creus","Tursiops truncatus","RCP85_2050",0.324972508994368,0.357142857142857,0.5,"Intermediate","Intermediate","High","Intermediate"
"194","Baix Emporda","Caretta caretta","RCP85_2050",0.324972508994368,0.333333333333333,0.5,"Intermediate","Intermediate","High","Intermediate"
"195","Cap de Creus","Tursiops truncatus","RCP26_2050",0.379403039877098,0.357142857142857,0.5,"Intermediate","Intermediate","High","Intermediate"
"196","Cap de Creus","Caretta caretta","RCP26_2050",0.379403039877098,0.333333333333333,0.5,"Intermediate","Intermediate","High","Intermediate"
"197","Cap de Creus","Caretta caretta","RCP85_2050",0.324972508994368,0.333333333333333,0.5,"Intermediate","Intermediate","High","Intermediate"
"198","Baix Emporda","Caretta caretta","RCP45_2050",0.291554004044364,0.333333333333333,0.5,"Low","Intermediate","High","Intermediate"
"199","Baix Emporda","Caretta caretta","RCP26_2100",0.276650910354068,0.333333333333333,0.5,"Low","Intermediate","High","Intermediate"
"200","Cap de Creus","Caretta caretta","RCP45_2050",0.291554004044364,0.333333333333333,0.5,"Low","Intermediate","High","Intermediate"
"201","Calanques","Physeter macrocephalus","RCP85_2050",0.291469539074841,0.333333333333333,0.5,"Low","Intermediate","High","Intermediate"
"202","Cap de Creus","Caretta caretta","RCP26_2100",0.276650910354068,0.333333333333333,0.5,"Low","Intermediate","High","Intermediate"
"203","Cap de Creus","Tursiops truncatus","RCP45_2050",0.291554004044364,0.357142857142857,0.5,"Low","Intermediate","High","Intermediate"
"204","Calanques","Physeter macrocephalus","RCP45_2050",0.300068377870961,0.333333333333333,0.5,"Low","Intermediate","High","Intermediate"
"205","Calanques","Physeter macrocephalus","RCP26_2100",0.232993792852476,0.333333333333333,0.5,"Low","Intermediate","High","Intermediate"
"206","Cap de Creus","Tursiops truncatus","RCP26_2100",0.276650910354068,0.357142857142857,0.5,"Low","Intermediate","High","Intermediate"
"207","Cap de Creus","Caretta caretta","RCP45_2100",0.545879821932197,0.333333333333333,0.5,"Very High","Intermediate","High","High"
"208","Cap de Creus","Tursiops truncatus","RCP45_2100",0.545879821932197,0.357142857142857,0.5,"Very High","Intermediate","High","High"
"209","Baix Emporda","Caretta caretta","RCP45_2100",0.545879821932197,0.333333333333333,0.5,"Very High","Intermediate","High","High"
"210","Portofino","Caulerpa cylindracea","RCP85_2100",0.970040650406504,0,0.5,"Extreme","Low","High","High"
"211","Calanques","Scorpaena scrofa","RCP85_2100",0.70647291764881,0.25,0.5,"Extreme","Low","High","High"
"212","Baix Emporda","Fistularia commersonii","RCP85_2100",0.866317376125847,0,0.5,"Extreme","Low","High","High"
"213","Portofino","Caulerpa cylindracea","RCP26_2050",0.458796495711651,0,0.5,"High","Low","High","Intermediate"
"214","Portofino","Caulerpa cylindracea","RCP45_2050",0.415490583827507,0,0.5,"Intermediate","Low","High","Intermediate"
"215","Portofino","Caulerpa cylindracea","RCP26_2100",0.361786455102598,0,0.5,"Intermediate","Low","High","Intermediate"
"216","Portofino","Caulerpa cylindracea","RCP85_2050",0.434847145373793,0,0.5,"Intermediate","Low","High","Intermediate"
"217","Calanques","Scorpaena scrofa","RCP45_2100",0.41503981506753,0.25,0.5,"Intermediate","Low","High","Intermediate"
"218","Baix Emporda","Fistularia commersonii","RCP26_2050",0.379403039877098,0,0.5,"Intermediate","Low","High","Intermediate"
"219","Baix Emporda","Fistularia commersonii","RCP85_2050",0.324972508994368,0,0.5,"Intermediate","Low","High","Intermediate"
"220","Calanques","Scorpaena scrofa","RCP26_2100",0.232993792852476,0.25,0.5,"Low","Low","High","Intermediate"
"221","Calanques","Scorpaena scrofa","RCP26_2050",0.308621277158855,0.25,0.5,"Low","Low","High","Intermediate"
"222","Baix Emporda","Fistularia commersonii","RCP45_2050",0.291554004044364,0,0.5,"Low","Low","High","Intermediate"
"223","Calanques","Scorpaena scrofa","RCP85_2050",0.291469539074841,0.25,0.5,"Low","Low","High","Intermediate"
"224","Baix Emporda","Fistularia commersonii","RCP26_2100",0.276650910354068,0,0.5,"Low","Low","High","Intermediate"
"225","Calanques","Scorpaena scrofa","RCP45_2050",0.300068377870961,0.25,0.5,"Low","Low","High","Intermediate"
"226","Portofino","Caulerpa cylindracea","RCP45_2100",0.63336813636702,0,0.5,"Very High","Low","High","High"
"227","Baix Emporda","Fistularia commersonii","RCP45_2100",0.545879821932197,0,0.5,"Very High","Low","High","High"
"228","Tavolara","Cladocora caespitosa","RCP85_2100",0.974587499689849,0.642857142857143,0.5,"Extreme","Very High","High","Very High"
"229","Calanques","Pagellus bogaraveo","RCP85_2100",0.70647291764881,0.520833333333333,0.5,"Extreme","Very High","High","Very High"
"230","Brijuni","Posidonia oceanica","RCP85_2100",0.933756502824438,0.645833333333333,0.5,"Extreme","Very High","High","Very High"
"231","Baix Emporda","Paracentrotus lividus","RCP85_2100",0.866317376125847,0.583333333333333,0.5,"Extreme","Very High","High","Very High"
"232","Portofino","Merluccius merluccius","RCP85_2100",0.970040650406504,0.520833333333333,0.5,"Extreme","Very High","High","Very High"
"233","Portofino","Merluccius merluccius","RCP26_2050",0.458796495711651,0.520833333333333,0.5,"High","Very High","High","High"
"234","Tavolara","Cladocora caespitosa","RCP26_2050",0.461864991836836,0.642857142857143,0.5,"High","Very High","High","High"
"235","Portofino","Merluccius merluccius","RCP85_2050",0.434847145373793,0.520833333333333,0.5,"Intermediate","Very High","High","High"
"236","Baix Emporda","Paracentrotus lividus","RCP26_2050",0.379403039877098,0.583333333333333,0.5,"Intermediate","Very High","High","High"
"237","Portofino","Merluccius merluccius","RCP26_2100",0.361786455102598,0.520833333333333,0.5,"Intermediate","Very High","High","High"
"238","Baix Emporda","Paracentrotus lividus","RCP85_2050",0.324972508994368,0.583333333333333,0.5,"Intermediate","Very High","High","High"
"239","Brijuni","Posidonia oceanica","RCP85_2050",0.417290578038029,0.583333333333333,0.5,"Intermediate","Very High","High","High"
"240","Brijuni","Posidonia oceanica","RCP26_2100",0.327934363860424,0.583333333333333,0.5,"Intermediate","Very High","High","High"
"241","Tavolara","Cladocora caespitosa","RCP85_2050",0.434577053817334,0.642857142857143,0.5,"Intermediate","Very High","High","High"
"242","Brijuni","Posidonia oceanica","RCP45_2050",0.388660873053288,0.583333333333333,0.5,"Intermediate","Very High","High","High"
"243","Calanques","Pagellus bogaraveo","RCP45_2100",0.41503981506753,0.520833333333333,0.5,"Intermediate","Very High","High","High"
"244","Tavolara","Cladocora caespitosa","RCP45_2050",0.432146845975072,0.642857142857143,0.5,"Intermediate","Very High","High","High"
"245","Brijuni","Posidonia oceanica","RCP26_2050",0.397798662630573,0.583333333333333,0.5,"Intermediate","Very High","High","High"
"246","Tavolara","Cladocora caespitosa","RCP26_2100",0.358770124639192,0.642857142857143,0.5,"Intermediate","Very High","High","High"
"247","Portofino","Merluccius merluccius","RCP45_2050",0.415490583827507,0.520833333333333,0.5,"Intermediate","Very High","High","High"
"248","Baix Emporda","Paracentrotus lividus","RCP45_2050",0.291554004044364,0.583333333333333,0.5,"Low","Very High","High","High"
"249","Calanques","Pagellus bogaraveo","RCP26_2100",0.232993792852476,0.520833333333333,0.5,"Low","Very High","High","High"
"250","Calanques","Pagellus bogaraveo","RCP85_2050",0.291469539074841,0.520833333333333,0.5,"Low","Very High","High","High"
"251","Calanques","Pagellus bogaraveo","RCP45_2050",0.300068377870961,0.520833333333333,0.5,"Low","Very High","High","High"
"252","Calanques","Pagellus bogaraveo","RCP26_2050",0.308621277158855,0.520833333333333,0.5,"Low","Very High","High","High"
"253","Baix Emporda","Paracentrotus lividus","RCP26_2100",0.276650910354068,0.583333333333333,0.5,"Low","Very High","High","High"
"254","Tavolara","Cladocora caespitosa","RCP45_2100",0.650834673183965,0.642857142857143,0.5,"Very High","Very High","High","Very High"
"255","Portofino","Merluccius merluccius","RCP45_2100",0.63336813636702,0.520833333333333,0.5,"Very High","Very High","High","Very High"
"256","Brijuni","Cladocora caespitosa","RCP45_2100",0.579798129171526,0.541666666666667,0.5,"Very High","Very High","High","Very High"
"257","Baix Emporda","Paracentrotus lividus","RCP45_2100",0.545879821932197,0.583333333333333,0.5,"Very High","Very High","High","Very High"
"258","Brijuni","Posidonia oceanica","RCP45_2100",0.579798129171526,0.645833333333333,0.5,"Very High","Very High","High","Very High"
"259","Cap de Creus","Corallium rubrum","RCP85_2100",0.866317376125847,0.6875,0.4,"Extreme","Extreme","Intermediate","Extreme"
"260","Tavolara","Paramuricea clavata","RCP85_2100",0.974587499689849,0.770833333333333,0.4,"Extreme","Extreme","Intermediate","Extreme"
"261","Portofino","Corallium rubrum","RCP85_2100",0.970040650406504,0.6875,0.4,"Extreme","Extreme","Intermediate","Extreme"
"262","Portofino","Posidonia oceanica","RCP85_2100",0.970040650406504,0.666666666666667,0.4,"Extreme","Extreme","Intermediate","Extreme"
"263","Portofino","Pinna nobilis","RCP85_2100",0.970040650406504,0.9375,0.4,"Extreme","Extreme","Intermediate","Extreme"
"264","Cap de Creus","Paramuricea clavata","RCP85_2100",0.866317376125847,0.833333333333333,0.4,"Extreme","Extreme","Intermediate","Extreme"
"265","Tavolara","Paramuricea clavata","RCP26_2050",0.461864991836836,0.770833333333333,0.4,"High","Extreme","Intermediate","Very High"
"266","Portofino","Paramuricea clavata","RCP26_2050",0.458796495711651,0.666666666666667,0.4,"High","Extreme","Intermediate","Very High"
"267","Portofino","Corallium rubrum","RCP26_2050",0.458796495711651,0.6875,0.4,"High","Extreme","Intermediate","Very High"
"268","Portofino","Pinna nobilis","RCP26_2050",0.458796495711651,0.9375,0.4,"High","Extreme","Intermediate","Very High"
"269","Portofino","Pinna nobilis","RCP45_2050",0.415490583827507,0.9375,0.4,"Intermediate","Extreme","Intermediate","Very High"
"270","Tavolara","Paramuricea clavata","RCP26_2100",0.358770124639192,0.770833333333333,0.4,"Intermediate","Extreme","Intermediate","Very High"
"271","Cap de Creus","Paramuricea clavata","RCP85_2050",0.324972508994368,0.833333333333333,0.4,"Intermediate","Extreme","Intermediate","Very High"
"272","Cap de Creus","Corallium rubrum","RCP85_2050",0.324972508994368,0.6875,0.4,"Intermediate","Extreme","Intermediate","Very High"
"273","Tavolara","Paramuricea clavata","RCP85_2050",0.434577053817334,0.770833333333333,0.4,"Intermediate","Extreme","Intermediate","Very High"
"274","Cap de Creus","Paramuricea clavata","RCP26_2050",0.379403039877098,0.833333333333333,0.4,"Intermediate","Extreme","Intermediate","Very High"
"275","Portofino","Pinna nobilis","RCP85_2050",0.434847145373793,0.9375,0.4,"Intermediate","Extreme","Intermediate","Very High"
"276","Portofino","Corallium rubrum","RCP26_2100",0.361786455102598,0.6875,0.4,"Intermediate","Extreme","Intermediate","Very High"
"277","Portofino","Corallium rubrum","RCP45_2050",0.415490583827507,0.6875,0.4,"Intermediate","Extreme","Intermediate","Very High"
"278","Portofino","Paramuricea clavata","RCP45_2050",0.415490583827507,0.666666666666667,0.4,"Intermediate","Extreme","Intermediate","Very High"
"279","Portofino","Paramuricea clavata","RCP85_2050",0.434847145373793,0.666666666666667,0.4,"Intermediate","Extreme","Intermediate","Very High"
"280","Portofino","Corallium rubrum","RCP85_2050",0.434847145373793,0.6875,0.4,"Intermediate","Extreme","Intermediate","Very High"
"281","Tavolara","Paramuricea clavata","RCP45_2050",0.432146845975072,0.770833333333333,0.4,"Intermediate","Extreme","Intermediate","Very High"
"282","Portofino","Pinna nobilis","RCP26_2100",0.361786455102598,0.9375,0.4,"Intermediate","Extreme","Intermediate","Very High"
"283","Cap de Creus","Corallium rubrum","RCP26_2050",0.379403039877098,0.6875,0.4,"Intermediate","Extreme","Intermediate","Very High"
"284","Cap de Creus","Corallium rubrum","RCP45_2050",0.291554004044364,0.6875,0.4,"Low","Extreme","Intermediate","High"
"285","Cap de Creus","Paramuricea clavata","RCP26_2100",0.276650910354068,0.833333333333333,0.4,"Low","Extreme","Intermediate","High"
"286","Cap de Creus","Paramuricea clavata","RCP45_2050",0.291554004044364,0.833333333333333,0.4,"Low","Extreme","Intermediate","High"
"287","Cap de Creus","Corallium rubrum","RCP26_2100",0.276650910354068,0.6875,0.4,"Low","Extreme","Intermediate","High"
"288","Portofino","Corallium rubrum","RCP45_2100",0.63336813636702,0.6875,0.4,"Very High","Extreme","Intermediate","Very High"
"289","Cap de Creus","Corallium rubrum","RCP45_2100",0.545879821932197,0.6875,0.4,"Very High","Extreme","Intermediate","Very High"
"290","Tavolara","Paramuricea clavata","RCP45_2100",0.650834673183965,0.770833333333333,0.4,"Very High","Extreme","Intermediate","Very High"
"291","Cap de Creus","Paramuricea clavata","RCP45_2100",0.545879821932197,0.833333333333333,0.4,"Very High","Extreme","Intermediate","Very High"
"292","Portofino","Pinna nobilis","RCP45_2100",0.63336813636702,0.9375,0.4,"Very High","Extreme","Intermediate","Very High"
"293","Portofino","Posidonia oceanica","RCP26_2100",0.361786455102598,0.479166666666667,0.4,"Intermediate","High","Intermediate","High"
"294","Portofino","Posidonia oceanica","RCP85_2050",0.434847145373793,0.479166666666667,0.4,"Intermediate","High","Intermediate","High"
"295","Portofino","Posidonia oceanica","RCP45_2050",0.415490583827507,0.479166666666667,0.4,"Intermediate","High","Intermediate","High"
"296","Baix Emporda","Epinephelus marginatus","RCP45_2100",0.545879821932197,0.5,0.4,"Very High","High","Intermediate","Very High"
"297","Baix Emporda","Epinephelus marginatus","RCP85_2050",0.324972508994368,0.333333333333333,0.4,"Intermediate","Intermediate","Intermediate","High"
"298","Baix Emporda","Epinephelus marginatus","RCP26_2050",0.379403039877098,0.333333333333333,0.4,"Intermediate","Intermediate","Intermediate","High"
"299","Baix Emporda","Epinephelus marginatus","RCP45_2050",0.291554004044364,0.333333333333333,0.4,"Low","Intermediate","Intermediate","Intermediate"
"300","Baix Emporda","Epinephelus marginatus","RCP26_2100",0.276650910354068,0.333333333333333,0.4,"Low","Intermediate","Intermediate","Intermediate"
"301","Baix Emporda","Octopus vulgaris","RCP85_2100",0.866317376125847,0.166666666666667,0.4,"Extreme","Low","Intermediate","High"
"302","Brijuni","Pomatomus saltatrix","RCP85_2100",0.933756502824438,0.0625,0.4,"Extreme","Low","Intermediate","High"
"303","Baix Emporda","Octopus vulgaris","RCP26_2050",0.379403039877098,0.166666666666667,0.4,"Intermediate","Low","Intermediate","Intermediate"
"304","Baix Emporda","Octopus vulgaris","RCP85_2050",0.324972508994368,0.166666666666667,0.4,"Intermediate","Low","Intermediate","Intermediate"
"305","Brijuni","Pomatomus saltatrix","RCP45_2050",0.388660873053288,0,0.4,"Intermediate","Low","Intermediate","Intermediate"
"306","Brijuni","Pomatomus saltatrix","RCP26_2050",0.397798662630573,0,0.4,"Intermediate","Low","Intermediate","Intermediate"
"307","Brijuni","Pomatomus saltatrix","RCP85_2050",0.417290578038029,0,0.4,"Intermediate","Low","Intermediate","Intermediate"
"308","Brijuni","Pomatomus saltatrix","RCP26_2100",0.327934363860424,0,0.4,"Intermediate","Low","Intermediate","Intermediate"
"309","Baix Emporda","Octopus vulgaris","RCP45_2050",0.291554004044364,0.166666666666667,0.4,"Low","Low","Intermediate","Intermediate"
"310","Baix Emporda","Octopus vulgaris","RCP26_2100",0.276650910354068,0.166666666666667,0.4,"Low","Low","Intermediate","Intermediate"
"311","Baix Emporda","Octopus vulgaris","RCP45_2100",0.545879821932197,0.166666666666667,0.4,"Very High","Low","Intermediate","High"
"312","Brijuni","Pomatomus saltatrix","RCP45_2100",0.579798129171526,0.1875,0.4,"Very High","Low","Intermediate","High"
"313","Portofino","Paramuricea clavata","RCP85_2100",0.970040650406504,0.619047619047619,0.4,"Extreme","Very High","Intermediate","Extreme"
"314","Tavolara","Patella ferruginea","RCP85_2100",0.974587499689849,0.638888888888889,0.375,"Extreme","Very High","Intermediate","Extreme"
"315","Baix Emporda","Epinephelus marginatus","RCP85_2100",0.866317376125847,0.583333333333333,0.4,"Extreme","Very High","Intermediate","Extreme"
"316","Tavolara","Patella ferruginea","RCP26_2050",0.461864991836836,0.638888888888889,0.375,"High","Very High","Intermediate","Very High"
"317","Portofino","Posidonia oceanica","RCP26_2050",0.458796495711651,0.541666666666667,0.4,"High","Very High","Intermediate","Very High"
"318","Tavolara","Patella ferruginea","RCP45_2050",0.432146845975072,0.638888888888889,0.375,"Intermediate","Very High","Intermediate","High"
"319","Portofino","Paramuricea clavata","RCP26_2100",0.361786455102598,0.619047619047619,0.4,"Intermediate","Very High","Intermediate","High"
"320","Tavolara","Patella ferruginea","RCP26_2100",0.358770124639192,0.638888888888889,0.375,"Intermediate","Very High","Intermediate","High"
"321","Tavolara","Patella ferruginea","RCP85_2050",0.434577053817334,0.638888888888889,0.375,"Intermediate","Very High","Intermediate","High"
"322","Portofino","Paramuricea clavata","RCP45_2100",0.63336813636702,0.619047619047619,0.4,"Very High","Very High","Intermediate","Very High"
"323","Portofino","Posidonia oceanica","RCP45_2100",0.63336813636702,0.541666666666667,0.4,"Very High","Very High","Intermediate","Very High"
"324","Tavolara","Patella ferruginea","RCP45_2100",0.650834673183965,0.638888888888889,0.375,"Very High","Very High","Intermediate","Very High"
"325","Calanques","Pinna nobilis","RCP85_2100",0.70647291764881,0.833333333333333,0.25,"Extreme","Extreme","Low","Extreme"
"326","Baix Emporda","Corallium rubrum","RCP85_2100",0.866317376125847,0.833333333333333,0.3,"Extreme","Extreme","Low","Extreme"
"327","Baix Emporda","Pinna nobilis","RCP85_2100",0.866317376125847,0.833333333333333,0.3,"Extreme","Extreme","Low","Extreme"
"328","Calanques","Corallium rubrum","RCP85_2100",0.70647291764881,0.729166666666667,0.3,"Extreme","Extreme","Low","Extreme"
"329","Tavolara","Pinna nobilis","RCP85_2100",0.974587499689849,0.9375,0.3,"Extreme","Extreme","Low","Extreme"
"330","Baix Emporda","Paramuricea clavata","RCP85_2100",0.866317376125847,0.833333333333333,0.2,"Extreme","Extreme","Low","Extreme"
"331","Tavolara","Pinna nobilis","RCP26_2050",0.461864991836836,0.9375,0.3,"High","Extreme","Low","Very High"
"332","Tavolara","Pinna nobilis","RCP45_2050",0.432146845975072,0.9375,0.3,"Intermediate","Extreme","Low","Very High"
"333","Calanques","Pinna nobilis","RCP45_2100",0.41503981506753,0.833333333333333,0.25,"Intermediate","Extreme","Low","Very High"
"334","Baix Emporda","Corallium rubrum","RCP26_2050",0.379403039877098,0.833333333333333,0.3,"Intermediate","Extreme","Low","Very High"
"335","Calanques","Corallium rubrum","RCP45_2100",0.41503981506753,0.729166666666667,0.3,"Intermediate","Extreme","Low","Very High"
"336","Baix Emporda","Paramuricea clavata","RCP85_2050",0.324972508994368,0.833333333333333,0.2,"Intermediate","Extreme","Low","Very High"
"337","Baix Emporda","Pinna nobilis","RCP26_2050",0.379403039877098,0.833333333333333,0.3,"Intermediate","Extreme","Low","Very High"
"338","Tavolara","Pinna nobilis","RCP85_2050",0.434577053817334,0.9375,0.3,"Intermediate","Extreme","Low","Very High"
"339","Tavolara","Pinna nobilis","RCP26_2100",0.358770124639192,0.9375,0.3,"Intermediate","Extreme","Low","Very High"
"340","Baix Emporda","Corallium rubrum","RCP85_2050",0.324972508994368,0.833333333333333,0.3,"Intermediate","Extreme","Low","Very High"
"341","Baix Emporda","Paramuricea clavata","RCP26_2050",0.379403039877098,0.833333333333333,0.2,"Intermediate","Extreme","Low","Very High"
"342","Baix Emporda","Pinna nobilis","RCP85_2050",0.324972508994368,0.833333333333333,0.3,"Intermediate","Extreme","Low","Very High"
"343","Calanques","Pinna nobilis","RCP26_2100",0.232993792852476,0.833333333333333,0.25,"Low","Extreme","Low","Very High"
"344","Calanques","Corallium rubrum","RCP26_2100",0.232993792852476,0.729166666666667,0.3,"Low","Extreme","Low","Very High"
"345","Baix Emporda","Pinna nobilis","RCP26_2100",0.276650910354068,0.833333333333333,0.3,"Low","Extreme","Low","Very High"
"346","Calanques","Corallium rubrum","RCP26_2050",0.308621277158855,0.729166666666667,0.3,"Low","Extreme","Low","Very High"
"347","Baix Emporda","Corallium rubrum","RCP26_2100",0.276650910354068,0.833333333333333,0.3,"Low","Extreme","Low","Very High"
"348","Calanques","Pinna nobilis","RCP85_2050",0.291469539074841,0.833333333333333,0.25,"Low","Extreme","Low","Very High"
"349","Calanques","Corallium rubrum","RCP45_2050",0.300068377870961,0.729166666666667,0.3,"Low","Extreme","Low","Very High"
"350","Baix Emporda","Paramuricea clavata","RCP45_2050",0.291554004044364,0.833333333333333,0.2,"Low","Extreme","Low","Very High"
"351","Baix Emporda","Corallium rubrum","RCP45_2050",0.291554004044364,0.833333333333333,0.3,"Low","Extreme","Low","Very High"
"352","Calanques","Corallium rubrum","RCP85_2050",0.291469539074841,0.729166666666667,0.3,"Low","Extreme","Low","Very High"
"353","Calanques","Pinna nobilis","RCP45_2050",0.300068377870961,0.833333333333333,0.25,"Low","Extreme","Low","Very High"
"354","Baix Emporda","Pinna nobilis","RCP45_2050",0.291554004044364,0.833333333333333,0.3,"Low","Extreme","Low","Very High"
"355","Baix Emporda","Paramuricea clavata","RCP26_2100",0.276650910354068,0.833333333333333,0.2,"Low","Extreme","Low","Very High"
"356","Calanques","Pinna nobilis","RCP26_2050",0.308621277158855,0.833333333333333,0.25,"Low","Extreme","Low","Very High"
"357","Baix Emporda","Paramuricea clavata","RCP45_2100",0.545879821932197,0.833333333333333,0.2,"Very High","Extreme","Low","Extreme"
"358","Tavolara","Pinna nobilis","RCP45_2100",0.650834673183965,0.9375,0.3,"Very High","Extreme","Low","Extreme"
"359","Baix Emporda","Corallium rubrum","RCP45_2100",0.545879821932197,0.833333333333333,0.3,"Very High","Extreme","Low","Extreme"
"360","Baix Emporda","Pinna nobilis","RCP45_2100",0.545879821932197,0.833333333333333,0.3,"Very High","Extreme","Low","Extreme"
"361","Tavolara","Scyllarus sp.","RCP85_2100",0.974587499689849,0.5,0.166666666666667,"Extreme","High","Low","Very High"
"362","Brijuni","Balistes capriscus","RCP85_2100",0.933756502824438,0.5,0.3,"Extreme","High","Low","Very High"
"363","Tavolara","Savalia savaglia","RCP85_2100",0.974587499689849,0.472222222222222,0.25,"Extreme","High","Low","Very High"
"364","Tavolara","Scyllarus sp.","RCP26_2050",0.461864991836836,0.5,0.166666666666667,"High","High","Low","Very High"
"365","Tavolara","Savalia savaglia","RCP26_2050",0.461864991836836,0.472222222222222,0.25,"High","High","Low","Very High"
"366","Brijuni","Balistes capriscus","RCP85_2050",0.417290578038029,0.428571428571429,0.3,"Intermediate","High","Low","High"
"367","Tavolara","Savalia savaglia","RCP45_2050",0.432146845975072,0.472222222222222,0.25,"Intermediate","High","Low","High"
"368","Tavolara","Savalia savaglia","RCP85_2050",0.434577053817334,0.472222222222222,0.25,"Intermediate","High","Low","High"
"369","Brijuni","Balistes capriscus","RCP26_2050",0.397798662630573,0.428571428571429,0.3,"Intermediate","High","Low","High"
"370","Brijuni","Balistes capriscus","RCP45_2050",0.388660873053288,0.428571428571429,0.3,"Intermediate","High","Low","High"
"371","Tavolara","Scyllarus sp.","RCP45_2050",0.432146845975072,0.5,0.166666666666667,"Intermediate","High","Low","High"
"372","Tavolara","Scyllarus sp.","RCP26_2100",0.358770124639192,0.5,0.166666666666667,"Intermediate","High","Low","High"
"373","Tavolara","Scyllarus sp.","RCP85_2050",0.434577053817334,0.5,0.166666666666667,"Intermediate","High","Low","High"
"374","Tavolara","Savalia savaglia","RCP26_2100",0.358770124639192,0.472222222222222,0.25,"Intermediate","High","Low","High"
"375","Tavolara","Scyllarus sp.","RCP45_2100",0.650834673183965,0.5,0.166666666666667,"Very High","High","Low","Very High"
"376","Tavolara","Savalia savaglia","RCP45_2100",0.650834673183965,0.472222222222222,0.25,"Very High","High","Low","Very High"
"377","Brijuni","Sarpa salpa","RCP85_2100",0.933756502824438,0.395833333333333,0.2,"Extreme","Intermediate","Low","Very High"
"378","Cap de Creus","Lithophyllum spp.","RCP85_2100",0.866317376125847,0.4,0.333333333333333,"Extreme","Intermediate","Low","Very High"
"379","Baix Emporda","Lithophyllum spp.","RCP85_2100",0.866317376125847,0.333333333333333,0.166666666666667,"Extreme","Intermediate","Low","Very High"
"380","Calanques","Cystoseira sp.","RCP85_2100",0.70647291764881,0.333333333333333,0,"Extreme","Intermediate","Low","Very High"
"381","Brijuni","Sarpa salpa","RCP26_2100",0.327934363860424,0.333333333333333,0.2,"Intermediate","Intermediate","Low","High"
"382","Brijuni","Sarpa salpa","RCP85_2050",0.417290578038029,0.333333333333333,0.2,"Intermediate","Intermediate","Low","High"
"383","Calanques","Cystoseira sp.","RCP45_2100",0.41503981506753,0.333333333333333,0,"Intermediate","Intermediate","Low","High"
"384","Cap de Creus","Lithophyllum spp.","RCP26_2050",0.379403039877098,0.4,0.333333333333333,"Intermediate","Intermediate","Low","High"
"385","Baix Emporda","Lithophyllum spp.","RCP85_2050",0.324972508994368,0.333333333333333,0.166666666666667,"Intermediate","Intermediate","Low","High"
"386","Brijuni","Sarpa salpa","RCP45_2050",0.388660873053288,0.333333333333333,0.2,"Intermediate","Intermediate","Low","High"
"387","Brijuni","Sarpa salpa","RCP26_2050",0.397798662630573,0.333333333333333,0.2,"Intermediate","Intermediate","Low","High"
"388","Cap de Creus","Lithophyllum spp.","RCP85_2050",0.324972508994368,0.4,0.333333333333333,"Intermediate","Intermediate","Low","High"
"389","Baix Emporda","Lithophyllum spp.","RCP26_2050",0.379403039877098,0.333333333333333,0.166666666666667,"Intermediate","Intermediate","Low","High"
"390","Brijuni","Balistes capriscus","RCP26_2100",0.327934363860424,0.357142857142857,0.3,"Intermediate","Intermediate","Low","High"
"391","Baix Emporda","Lithophyllum spp.","RCP45_2050",0.291554004044364,0.333333333333333,0.166666666666667,"Low","Intermediate","Low","High"
"392","Cap de Creus","Lithophyllum spp.","RCP26_2100",0.276650910354068,0.4,0.333333333333333,"Low","Intermediate","Low","High"
"393","Baix Emporda","Lithophyllum spp.","RCP26_2100",0.276650910354068,0.333333333333333,0.166666666666667,"Low","Intermediate","Low","High"
"394","Calanques","Cystoseira sp.","RCP26_2050",0.308621277158855,0.333333333333333,0,"Low","Intermediate","Low","High"
"395","Calanques","Cystoseira sp.","RCP85_2050",0.291469539074841,0.333333333333333,0,"Low","Intermediate","Low","High"
"396","Calanques","Cystoseira sp.","RCP45_2050",0.300068377870961,0.333333333333333,0,"Low","Intermediate","Low","High"
"397","Cap de Creus","Lithophyllum spp.","RCP45_2050",0.291554004044364,0.4,0.333333333333333,"Low","Intermediate","Low","High"
"398","Calanques","Cystoseira sp.","RCP26_2100",0.232993792852476,0.333333333333333,0,"Low","Intermediate","Low","High"
"399","Cap de Creus","Lithophyllum spp.","RCP45_2100",0.545879821932197,0.4,0.333333333333333,"Very High","Intermediate","Low","Very High"
"400","Brijuni","Sarpa salpa","RCP45_2100",0.579798129171526,0.395833333333333,0.2,"Very High","Intermediate","Low","Very High"
"401","Baix Emporda","Lithophyllum spp.","RCP45_2100",0.545879821932197,0.333333333333333,0.166666666666667,"Very High","Intermediate","Low","Very High"
"402","Baix Emporda","Cystoseira sp.","RCP85_2100",0.866317376125847,0.166666666666667,0,"Extreme","Low","Low","Very High"
"403","Tavolara","Cystoseira sp.","RCP85_2100",0.974587499689849,0.214285714285714,0.333333333333333,"Extreme","Low","Low","Very High"
"404","Calanques","Coralline calcareous algae","RCP85_2100",0.70647291764881,0.2,0,"Extreme","Low","Low","Very High"
"405","Baix Emporda","Caulerpa spp.","RCP85_2100",0.866317376125847,0,0.333333333333333,"Extreme","Low","Low","Very High"
"406","Tavolara","Cystoseira sp.","RCP26_2050",0.461864991836836,0.214285714285714,0.333333333333333,"High","Low","Low","High"
"407","Tavolara","Cystoseira sp.","RCP45_2050",0.432146845975072,0.214285714285714,0.333333333333333,"Intermediate","Low","Low","High"
"408","Baix Emporda","Caulerpa spp.","RCP26_2050",0.379403039877098,0,0.333333333333333,"Intermediate","Low","Low","High"
"409","Tavolara","Cystoseira sp.","RCP26_2100",0.358770124639192,0.214285714285714,0.333333333333333,"Intermediate","Low","Low","High"
"410","Baix Emporda","Caulerpa spp.","RCP85_2050",0.324972508994368,0,0.333333333333333,"Intermediate","Low","Low","High"
"411","Calanques","Coralline calcareous algae","RCP45_2100",0.41503981506753,0.2,0,"Intermediate","Low","Low","High"
"412","Baix Emporda","Cystoseira sp.","RCP26_2050",0.379403039877098,0.166666666666667,0,"Intermediate","Low","Low","High"
"413","Baix Emporda","Cystoseira sp.","RCP85_2050",0.324972508994368,0.166666666666667,0,"Intermediate","Low","Low","High"
"414","Tavolara","Cystoseira sp.","RCP85_2050",0.434577053817334,0.214285714285714,0.333333333333333,"Intermediate","Low","Low","High"
"415","Baix Emporda","Caulerpa spp.","RCP26_2100",0.276650910354068,0,0.333333333333333,"Low","Low","Low","Intermediate"
"416","Baix Emporda","Caulerpa spp.","RCP45_2050",0.291554004044364,0,0.333333333333333,"Low","Low","Low","Intermediate"
"417","Baix Emporda","Cystoseira sp.","RCP26_2100",0.276650910354068,0.166666666666667,0,"Low","Low","Low","Intermediate"
"418","Baix Emporda","Cystoseira sp.","RCP45_2050",0.291554004044364,0.166666666666667,0,"Low","Low","Low","Intermediate"
"419","Calanques","Coralline calcareous algae","RCP85_2050",0.291469539074841,0.2,0,"Low","Low","Low","Intermediate"
"420","Calanques","Coralline calcareous algae","RCP26_2050",0.308621277158855,0.2,0,"Low","Low","Low","Intermediate"
"421","Calanques","Coralline calcareous algae","RCP45_2050",0.300068377870961,0.2,0,"Low","Low","Low","Intermediate"
"422","Calanques","Coralline calcareous algae","RCP26_2100",0.232993792852476,0.2,0,"Low","Low","Low","Intermediate"
"423","Baix Emporda","Caulerpa spp.","RCP45_2100",0.545879821932197,0,0.333333333333333,"Very High","Low","Low","High"
"424","Baix Emporda","Cystoseira sp.","RCP45_2100",0.545879821932197,0.166666666666667,0,"Very High","Low","Low","High"
"425","Tavolara","Cystoseira sp.","RCP45_2100",0.650834673183965,0.214285714285714,0.333333333333333,"Very High","Low","Low","High"
"426","Portofino","Eunicella cavolini","RCP85_2100",0.970040650406504,0.604166666666667,0.2,"Extreme","Very High","Low","Extreme"
"427","Calanques","Paramuricea clavata","RCP85_2100",0.70647291764881,0.604166666666667,0.3,"Extreme","Very High","Low","Extreme"
"428","Calanques","Eunicella cavolini","RCP85_2100",0.70647291764881,0.541666666666667,0.3,"Extreme","Very High","Low","Extreme"
"429","Tavolara","Eunicella sp.","RCP85_2100",0.974587499689849,0.604166666666667,0.25,"Extreme","Very High","Low","Extreme"
"430","Portofino","Eunicella cavolini","RCP26_2050",0.458796495711651,0.604166666666667,0.2,"High","Very High","Low","Very High"
"431","Tavolara","Eunicella sp.","RCP26_2050",0.461864991836836,0.604166666666667,0.25,"High","Very High","Low","Very High"
"432","Portofino","Eunicella cavolini","RCP26_2100",0.361786455102598,0.604166666666667,0.2,"Intermediate","Very High","Low","Very High"
"433","Tavolara","Eunicella sp.","RCP45_2050",0.432146845975072,0.604166666666667,0.25,"Intermediate","Very High","Low","Very High"
"434","Tavolara","Eunicella sp.","RCP85_2050",0.434577053817334,0.604166666666667,0.25,"Intermediate","Very High","Low","Very High"
"435","Tavolara","Eunicella sp.","RCP26_2100",0.358770124639192,0.604166666666667,0.25,"Intermediate","Very High","Low","Very High"
"436","Calanques","Paramuricea clavata","RCP45_2100",0.41503981506753,0.604166666666667,0.3,"Intermediate","Very High","Low","Very High"
"437","Calanques","Eunicella cavolini","RCP45_2100",0.41503981506753,0.541666666666667,0.3,"Intermediate","Very High","Low","Very High"
"438","Portofino","Eunicella cavolini","RCP85_2050",0.434847145373793,0.604166666666667,0.2,"Intermediate","Very High","Low","Very High"
"439","Portofino","Eunicella cavolini","RCP45_2050",0.415490583827507,0.604166666666667,0.2,"Intermediate","Very High","Low","Very High"
"440","Calanques","Eunicella cavolini","RCP26_2050",0.308621277158855,0.541666666666667,0.3,"Low","Very High","Low","High"
"441","Calanques","Eunicella cavolini","RCP45_2050",0.300068377870961,0.541666666666667,0.3,"Low","Very High","Low","High"
"442","Calanques","Paramuricea clavata","RCP45_2050",0.300068377870961,0.604166666666667,0.3,"Low","Very High","Low","High"
"443","Calanques","Paramuricea clavata","RCP26_2100",0.232993792852476,0.604166666666667,0.3,"Low","Very High","Low","High"
"444","Calanques","Eunicella cavolini","RCP85_2050",0.291469539074841,0.541666666666667,0.3,"Low","Very High","Low","High"
"445","Calanques","Eunicella cavolini","RCP26_2100",0.232993792852476,0.541666666666667,0.3,"Low","Very High","Low","High"
"446","Calanques","Paramuricea clavata","RCP85_2050",0.291469539074841,0.604166666666667,0.3,"Low","Very High","Low","High"
"447","Calanques","Paramuricea clavata","RCP26_2050",0.308621277158855,0.604166666666667,0.3,"Low","Very High","Low","High"
"448","Brijuni","Balistes capriscus","RCP45_2100",0.579798129171526,0.571428571428571,0.3,"Very High","Very High","Low","Very High"
"449","Portofino","Eunicella cavolini","RCP45_2100",0.63336813636702,0.604166666666667,0.2,"Very High","Very High","Low","Very High"
"450","Tavolara","Eunicella sp.","RCP45_2100",0.650834673183965,0.604166666666667,0.25,"Very High","Very High","Low","Very High"
"451","Baix Emporda","Palinurus elephas","RCP85_2100",0.866317376125847,0.75,0.6,"Extreme","Extreme","Very High","Very High"
"452","Baix Emporda","Dentex dentex","RCP85_2100",0.866317376125847,0.75,0.6,"Extreme","Extreme","Very High","Very High"
"453","Baix Emporda","Dentex dentex","RCP85_2050",0.324972508994368,0.75,0.6,"Intermediate","Extreme","Very High","High"
"454","Baix Emporda","Palinurus elephas","RCP85_2050",0.324972508994368,0.75,0.6,"Intermediate","Extreme","Very High","High"
"455","Baix Emporda","Dentex dentex","RCP26_2050",0.379403039877098,0.75,0.6,"Intermediate","Extreme","Very High","High"
"456","Baix Emporda","Palinurus elephas","RCP26_2050",0.379403039877098,0.75,0.6,"Intermediate","Extreme","Very High","High"
"457","Baix Emporda","Palinurus elephas","RCP45_2050",0.291554004044364,0.75,0.6,"Low","Extreme","Very High","High"
"458","Baix Emporda","Dentex dentex","RCP45_2050",0.291554004044364,0.75,0.6,"Low","Extreme","Very High","High"
"459","Baix Emporda","Dentex dentex","RCP26_2100",0.276650910354068,0.75,0.6,"Low","Extreme","Very High","High"
"460","Baix Emporda","Palinurus elephas","RCP26_2100",0.276650910354068,0.75,0.6,"Low","Extreme","Very High","High"
"461","Baix Emporda","Palinurus elephas","RCP45_2100",0.545879821932197,0.75,0.6,"Very High","Extreme","Very High","Very High"
"462","Baix Emporda","Dentex dentex","RCP45_2100",0.545879821932197,0.75,0.6,"Very High","Extreme","Very High","Very High"
"463","Tavolara","Sepia officinalis","RCP85_2100",0.974587499689849,0.5,0.6,"Extreme","High","Very High","High"
"464","Calanques","Epinephelus marginatus","RCP85_2100",0.70647291764881,0.4375,0.7,"Extreme","High","Very High","High"
"465","Portofino","Sciaena umbra","RCP85_2100",0.970040650406504,0.479166666666667,0.7,"Extreme","High","Very High","High"
"466","Cap de Creus","Epinephelus marginatus","RCP85_2100",0.866317376125847,0.4375,0.6,"Extreme","High","Very High","High"
"467","Tavolara","Scyllarides latus","RCP85_2100",0.974587499689849,0.5,0.625,"Extreme","High","Very High","High"
"468","Portofino","Octopus vulgaris","RCP85_2100",0.970040650406504,0.458333333333333,0.6,"Extreme","High","Very High","High"
"469","Tavolara","Scyllarides latus","RCP26_2050",0.461864991836836,0.5,0.625,"High","High","Very High","High"
"470","Portofino","Sciaena umbra","RCP26_2050",0.458796495711651,0.479166666666667,0.7,"High","High","Very High","High"
"471","Tavolara","Sepia officinalis","RCP26_2050",0.461864991836836,0.5,0.6,"High","High","Very High","High"
"472","Tavolara","Scyllarides latus","RCP26_2100",0.358770124639192,0.5,0.625,"Intermediate","High","Very High","Intermediate"
"473","Tavolara","Sepia officinalis","RCP45_2050",0.432146845975072,0.5,0.6,"Intermediate","High","Very High","Intermediate"
"474","Cap de Creus","Posidonia oceanica","RCP26_2050",0.379403039877098,0.479166666666667,0.6,"Intermediate","High","Very High","Intermediate"
"475","Baix Emporda","Posidonia oceanica","RCP85_2050",0.324972508994368,0.5,0.6,"Intermediate","High","Very High","Intermediate"
"476","Portofino","Sciaena umbra","RCP26_2100",0.361786455102598,0.479166666666667,0.7,"Intermediate","High","Very High","Intermediate"
"477","Portofino","Sciaena umbra","RCP45_2050",0.415490583827507,0.479166666666667,0.7,"Intermediate","High","Very High","Intermediate"
"478","Portofino","Sciaena umbra","RCP85_2050",0.434847145373793,0.479166666666667,0.7,"Intermediate","High","Very High","Intermediate"
"479","Tavolara","Scyllarides latus","RCP85_2050",0.434577053817334,0.5,0.625,"Intermediate","High","Very High","Intermediate"
"480","Tavolara","Sepia officinalis","RCP26_2100",0.358770124639192,0.5,0.6,"Intermediate","High","Very High","Intermediate"
"481","Calanques","Posidonia oceanica","RCP45_2100",0.41503981506753,0.479166666666667,0.625,"Intermediate","High","Very High","Intermediate"
"482","Cap de Creus","Posidonia oceanica","RCP85_2050",0.324972508994368,0.479166666666667,0.6,"Intermediate","High","Very High","Intermediate"
"483","Baix Emporda","Posidonia oceanica","RCP26_2050",0.379403039877098,0.5,0.6,"Intermediate","High","Very High","Intermediate"
"484","Tavolara","Scyllarides latus","RCP45_2050",0.432146845975072,0.5,0.625,"Intermediate","High","Very High","Intermediate"
"485","Tavolara","Sepia officinalis","RCP85_2050",0.434577053817334,0.5,0.6,"Intermediate","High","Very High","Intermediate"
"486","Cap de Creus","Posidonia oceanica","RCP26_2100",0.276650910354068,0.479166666666667,0.6,"Low","High","Very High","Intermediate"
"487","Calanques","Posidonia oceanica","RCP45_2050",0.300068377870961,0.479166666666667,0.625,"Low","High","Very High","Intermediate"
"488","Baix Emporda","Posidonia oceanica","RCP45_2050",0.291554004044364,0.5,0.6,"Low","High","Very High","Intermediate"
"489","Calanques","Epinephelus marginatus","RCP26_2050",0.308621277158855,0.4375,0.7,"Low","High","Very High","Intermediate"
"490","Baix Emporda","Posidonia oceanica","RCP26_2100",0.276650910354068,0.5,0.6,"Low","High","Very High","Intermediate"
"491","Cap de Creus","Posidonia oceanica","RCP45_2050",0.291554004044364,0.479166666666667,0.6,"Low","High","Very High","Intermediate"
"492","Calanques","Posidonia oceanica","RCP26_2100",0.232993792852476,0.479166666666667,0.625,"Low","High","Very High","Intermediate"
"493","Calanques","Posidonia oceanica","RCP85_2050",0.291469539074841,0.479166666666667,0.625,"Low","High","Very High","Intermediate"
"494","Tavolara","Scyllarides latus","RCP45_2100",0.650834673183965,0.5,0.625,"Very High","High","Very High","High"
"495","Baix Emporda","Posidonia oceanica","RCP45_2100",0.545879821932197,0.5,0.6,"Very High","High","Very High","High"
"496","Portofino","Sciaena umbra","RCP45_2100",0.63336813636702,0.479166666666667,0.7,"Very High","High","Very High","High"
"497","Cap de Creus","Posidonia oceanica","RCP45_2100",0.545879821932197,0.479166666666667,0.6,"Very High","High","Very High","High"
"498","Tavolara","Sepia officinalis","RCP45_2100",0.650834673183965,0.5,0.6,"Very High","High","Very High","High"
"499","Tavolara","Diplodus sargus","RCP85_2100",0.974587499689849,0.375,0.6,"Extreme","Intermediate","Very High","High"
"500","Calanques","Mullus surmuletus","RCP85_2100",0.70647291764881,0.3125,0.7,"Extreme","Intermediate","Very High","High"
"501","Brijuni","Dasyatis pastinaca","RCP85_2100",0.933756502824438,0.357142857142857,0.625,"Extreme","Intermediate","Very High","High"
"502","Cap de Creus","Cystoseira sp.","RCP85_2100",0.866317376125847,0.333333333333333,0.666666666666667,"Extreme","Intermediate","Very High","High"
"503","Portofino","Octopus vulgaris","RCP26_2050",0.458796495711651,0.333333333333333,0.6,"High","Intermediate","Very High","Intermediate"
"504","Tavolara","Diplodus sargus","RCP26_2050",0.461864991836836,0.375,0.6,"High","Intermediate","Very High","Intermediate"
"505","Portofino","Octopus vulgaris","RCP45_2050",0.415490583827507,0.333333333333333,0.6,"Intermediate","Intermediate","Very High","Intermediate"
"506","Portofino","Octopus vulgaris","RCP85_2050",0.434847145373793,0.333333333333333,0.6,"Intermediate","Intermediate","Very High","Intermediate"
"507","Calanques","Mullus surmuletus","RCP45_2100",0.41503981506753,0.3125,0.7,"Intermediate","Intermediate","Very High","Intermediate"
"508","Tavolara","Diplodus sargus","RCP45_2050",0.432146845975072,0.375,0.6,"Intermediate","Intermediate","Very High","Intermediate"
"509","Cap de Creus","Cystoseira sp.","RCP85_2050",0.324972508994368,0.333333333333333,0.666666666666667,"Intermediate","Intermediate","Very High","Intermediate"
"510","Tavolara","Diplodus sargus","RCP26_2100",0.358770124639192,0.375,0.6,"Intermediate","Intermediate","Very High","Intermediate"
"511","Tavolara","Diplodus sargus","RCP85_2050",0.434577053817334,0.375,0.6,"Intermediate","Intermediate","Very High","Intermediate"
"512","Portofino","Octopus vulgaris","RCP26_2100",0.361786455102598,0.333333333333333,0.6,"Intermediate","Intermediate","Very High","Intermediate"
"513","Cap de Creus","Cystoseira sp.","RCP26_2050",0.379403039877098,0.333333333333333,0.666666666666667,"Intermediate","Intermediate","Very High","Intermediate"
"514","Calanques","Epinephelus marginatus","RCP45_2100",0.41503981506753,0.375,0.7,"Intermediate","Intermediate","Very High","Intermediate"
"515","Calanques","Mullus surmuletus","RCP26_2050",0.308621277158855,0.3125,0.7,"Low","Intermediate","Very High","Intermediate"
"516","Calanques","Epinephelus marginatus","RCP45_2050",0.300068377870961,0.3125,0.7,"Low","Intermediate","Very High","Intermediate"
"517","Calanques","Mullus surmuletus","RCP45_2050",0.300068377870961,0.3125,0.7,"Low","Intermediate","Very High","Intermediate"
"518","Cap de Creus","Cystoseira sp.","RCP45_2050",0.291554004044364,0.333333333333333,0.666666666666667,"Low","Intermediate","Very High","Intermediate"
"519","Calanques","Mullus surmuletus","RCP26_2100",0.232993792852476,0.3125,0.7,"Low","Intermediate","Very High","Intermediate"
"520","Calanques","Mullus surmuletus","RCP85_2050",0.291469539074841,0.3125,0.7,"Low","Intermediate","Very High","Intermediate"
"521","Cap de Creus","Cystoseira sp.","RCP26_2100",0.276650910354068,0.333333333333333,0.666666666666667,"Low","Intermediate","Very High","Intermediate"
"522","Tavolara","Diplodus sargus","RCP45_2100",0.650834673183965,0.375,0.6,"Very High","Intermediate","Very High","High"
"523","Brijuni","Dasyatis pastinaca","RCP45_2100",0.579798129171526,0.357142857142857,0.625,"Very High","Intermediate","Very High","High"
"524","Cap de Creus","Cystoseira sp.","RCP45_2100",0.545879821932197,0.333333333333333,0.666666666666667,"Very High","Intermediate","Very High","High"
"525","Cap de Creus","Epinephelus marginatus","RCP45_2100",0.545879821932197,0.375,0.6,"Very High","Intermediate","Very High","High"
"526","Portofino","Octopus vulgaris","RCP45_2100",0.63336813636702,0.395833333333333,0.6,"Very High","Intermediate","Very High","High"
"527","Portofino","Coralline calcareous algae","RCP85_2100",0.970040650406504,0.266666666666667,0.666666666666667,"Extreme","Low","Very High","High"
"528","Portofino","Cystoseira sp.","RCP85_2100",0.970040650406504,0.214285714285714,0.666666666666667,"Extreme","Low","Very High","High"
"529","Cap de Creus","Fistularia commersonii","RCP85_2100",0.866317376125847,0,0.625,"Extreme","Low","Very High","High"
"530","Tavolara","Diplodus sp.","RCP85_2100",0.974587499689849,0.285714285714286,0.625,"Extreme","Low","Very High","High"
"531","Cap de Creus","Caulerpa spp.","RCP85_2100",0.866317376125847,0,0.666666666666667,"Extreme","Low","Very High","High"
"532","Portofino","Coralline calcareous algae","RCP26_2050",0.458796495711651,0.266666666666667,0.666666666666667,"High","Low","Very High","Intermediate"
"533","Tavolara","Diplodus sp.","RCP26_2050",0.461864991836836,0.285714285714286,0.625,"High","Low","Very High","Intermediate"
"534","Portofino","Cystoseira sp.","RCP26_2050",0.458796495711651,0.142857142857143,0.666666666666667,"High","Low","Very High","Intermediate"
"535","Cap de Creus","Fistularia commersonii","RCP26_2050",0.379403039877098,0,0.625,"Intermediate","Low","Very High","Intermediate"
"536","Portofino","Cystoseira sp.","RCP85_2050",0.434847145373793,0.142857142857143,0.666666666666667,"Intermediate","Low","Very High","Intermediate"
"537","Tavolara","Diplodus sp.","RCP26_2100",0.358770124639192,0.285714285714286,0.625,"Intermediate","Low","Very High","Intermediate"
"538","Cap de Creus","Caulerpa spp.","RCP85_2050",0.324972508994368,0,0.666666666666667,"Intermediate","Low","Very High","Intermediate"
"539","Portofino","Coralline calcareous algae","RCP45_2050",0.415490583827507,0.266666666666667,0.666666666666667,"Intermediate","Low","Very High","Intermediate"
"540","Portofino","Coralline calcareous algae","RCP26_2100",0.361786455102598,0.266666666666667,0.666666666666667,"Intermediate","Low","Very High","Intermediate"
"541","Brijuni","Dasyatis pastinaca","RCP45_2050",0.388660873053288,0.285714285714286,0.625,"Intermediate","Low","Very High","Intermediate"
"542","Brijuni","Dasyatis pastinaca","RCP85_2050",0.417290578038029,0.285714285714286,0.625,"Intermediate","Low","Very High","Intermediate"
"543","Portofino","Coralline calcareous algae","RCP85_2050",0.434847145373793,0.266666666666667,0.666666666666667,"Intermediate","Low","Very High","Intermediate"
"544","Cap de Creus","Epinephelus marginatus","RCP26_2050",0.379403039877098,0.25,0.6,"Intermediate","Low","Very High","Intermediate"
"545","Portofino","Cystoseira sp.","RCP45_2050",0.415490583827507,0.142857142857143,0.666666666666667,"Intermediate","Low","Very High","Intermediate"
"546","Cap de Creus","Epinephelus marginatus","RCP85_2050",0.324972508994368,0.25,0.6,"Intermediate","Low","Very High","Intermediate"
"547","Cap de Creus","Caulerpa spp.","RCP26_2050",0.379403039877098,0,0.666666666666667,"Intermediate","Low","Very High","Intermediate"
"548","Brijuni","Dasyatis pastinaca","RCP26_2050",0.397798662630573,0.285714285714286,0.625,"Intermediate","Low","Very High","Intermediate"
"549","Tavolara","Diplodus sp.","RCP85_2050",0.434577053817334,0.285714285714286,0.625,"Intermediate","Low","Very High","Intermediate"
"550","Brijuni","Dasyatis pastinaca","RCP26_2100",0.327934363860424,0.285714285714286,0.625,"Intermediate","Low","Very High","Intermediate"
"551","Portofino","Cystoseira sp.","RCP26_2100",0.361786455102598,0.142857142857143,0.666666666666667,"Intermediate","Low","Very High","Intermediate"
"552","Tavolara","Diplodus sp.","RCP45_2050",0.432146845975072,0.285714285714286,0.625,"Intermediate","Low","Very High","Intermediate"
"553","Cap de Creus","Fistularia commersonii","RCP85_2050",0.324972508994368,0,0.625,"Intermediate","Low","Very High","Intermediate"
"554","Calanques","Epinephelus marginatus","RCP85_2050",0.291469539074841,0.25,0.7,"Low","Low","Very High","Low"
"555","Cap de Creus","Epinephelus marginatus","RCP45_2050",0.291554004044364,0.25,0.6,"Low","Low","Very High","Low"
"556","Cap de Creus","Fistularia commersonii","RCP45_2050",0.291554004044364,0,0.625,"Low","Low","Very High","Low"
"557","Cap de Creus","Caulerpa spp.","RCP45_2050",0.291554004044364,0,0.666666666666667,"Low","Low","Very High","Low"
"558","Cap de Creus","Epinephelus marginatus","RCP26_2100",0.276650910354068,0.25,0.6,"Low","Low","Very High","Low"
"559","Cap de Creus","Fistularia commersonii","RCP26_2100",0.276650910354068,0,0.625,"Low","Low","Very High","Low"
"560","Cap de Creus","Caulerpa spp.","RCP26_2100",0.276650910354068,0,0.666666666666667,"Low","Low","Very High","Low"
"561","Calanques","Epinephelus marginatus","RCP26_2100",0.232993792852476,0.25,0.7,"Low","Low","Very High","Low"
"562","Portofino","Coralline calcareous algae","RCP45_2100",0.63336813636702,0.266666666666667,0.666666666666667,"Very High","Low","Very High","Intermediate"
"563","Portofino","Cystoseira sp.","RCP45_2100",0.63336813636702,0.142857142857143,0.666666666666667,"Very High","Low","Very High","Intermediate"
"564","Tavolara","Diplodus sp.","RCP45_2100",0.650834673183965,0.285714285714286,0.625,"Very High","Low","Very High","Intermediate"
"565","Cap de Creus","Caulerpa spp.","RCP45_2100",0.545879821932197,0,0.666666666666667,"Very High","Low","Very High","Intermediate"
"566","Cap de Creus","Fistularia commersonii","RCP45_2100",0.545879821932197,0,0.625,"Very High","Low","Very High","Intermediate"
"567","Baix Emporda","Posidonia oceanica","RCP85_2100",0.866317376125847,0.583333333333333,0.6,"Extreme","Very High","Very High","Very High"
"568","Portofino","Palinurus elephas","RCP85_2100",0.970040650406504,0.541666666666667,0.7,"Extreme","Very High","Very High","Very High"
"569","Tavolara","Posidonia oceanica","RCP85_2100",0.974587499689849,0.541666666666667,0.7,"Extreme","Very High","Very High","Very High"
"570","Brijuni","Sciaena umbra","RCP85_2100",0.933756502824438,0.583333333333333,0.7,"Extreme","Very High","Very High","Very High"
"571","Cap de Creus","Posidonia oceanica","RCP85_2100",0.866317376125847,0.541666666666667,0.6,"Extreme","Very High","Very High","Very High"
"572","Brijuni","Diplodus sargus","RCP85_2100",0.933756502824438,0.583333333333333,0.7,"Extreme","Very High","Very High","Very High"
"573","Calanques","Posidonia oceanica","RCP85_2100",0.70647291764881,0.541666666666667,0.625,"Extreme","Very High","Very High","Very High"
"574","Portofino","Cladocora caespitosa","RCP85_2100",0.970040650406504,0.604166666666667,0.7,"Extreme","Very High","Very High","Very High"
"575","Portofino","Cladocora caespitosa","RCP26_2050",0.458796495711651,0.604166666666667,0.7,"High","Very High","Very High","High"
"576","Tavolara","Posidonia oceanica","RCP26_2050",0.461864991836836,0.541666666666667,0.7,"High","Very High","Very High","High"
"577","Portofino","Palinurus elephas","RCP26_2050",0.458796495711651,0.541666666666667,0.7,"High","Very High","Very High","High"
"578","Portofino","Palinurus elephas","RCP45_2050",0.415490583827507,0.541666666666667,0.7,"Intermediate","Very High","Very High","High"
"579","Brijuni","Sciaena umbra","RCP26_2050",0.397798662630573,0.583333333333333,0.7,"Intermediate","Very High","Very High","High"
"580","Portofino","Palinurus elephas","RCP85_2050",0.434847145373793,0.541666666666667,0.7,"Intermediate","Very High","Very High","High"
"581","Portofino","Cladocora caespitosa","RCP45_2050",0.415490583827507,0.604166666666667,0.7,"Intermediate","Very High","Very High","High"
"582","Tavolara","Posidonia oceanica","RCP45_2050",0.432146845975072,0.541666666666667,0.7,"Intermediate","Very High","Very High","High"
"583","Brijuni","Diplodus sargus","RCP26_2050",0.397798662630573,0.520833333333333,0.7,"Intermediate","Very High","Very High","High"
"584","Portofino","Cladocora caespitosa","RCP85_2050",0.434847145373793,0.604166666666667,0.7,"Intermediate","Very High","Very High","High"
"585","Brijuni","Sciaena umbra","RCP85_2050",0.417290578038029,0.583333333333333,0.7,"Intermediate","Very High","Very High","High"
"586","Tavolara","Posidonia oceanica","RCP85_2050",0.434577053817334,0.541666666666667,0.7,"Intermediate","Very High","Very High","High"
"587","Tavolara","Posidonia oceanica","RCP26_2100",0.358770124639192,0.541666666666667,0.7,"Intermediate","Very High","Very High","High"
"588","Brijuni","Sciaena umbra","RCP45_2050",0.388660873053288,0.583333333333333,0.7,"Intermediate","Very High","Very High","High"
"589","Brijuni","Diplodus sargus","RCP85_2050",0.417290578038029,0.520833333333333,0.7,"Intermediate","Very High","Very High","High"
"590","Portofino","Cladocora caespitosa","RCP26_2100",0.361786455102598,0.604166666666667,0.7,"Intermediate","Very High","Very High","High"
"591","Brijuni","Sciaena umbra","RCP26_2100",0.327934363860424,0.583333333333333,0.7,"Intermediate","Very High","Very High","High"
"592","Brijuni","Diplodus sargus","RCP26_2100",0.327934363860424,0.520833333333333,0.7,"Intermediate","Very High","Very High","High"
"593","Portofino","Palinurus elephas","RCP26_2100",0.361786455102598,0.541666666666667,0.7,"Intermediate","Very High","Very High","High"
"594","Brijuni","Diplodus sargus","RCP45_2050",0.388660873053288,0.520833333333333,0.7,"Intermediate","Very High","Very High","High"
"595","Calanques","Posidonia oceanica","RCP26_2050",0.308621277158855,0.541666666666667,0.625,"Low","Very High","Very High","Intermediate"
"596","Tavolara","Posidonia oceanica","RCP45_2100",0.650834673183965,0.541666666666667,0.7,"Very High","Very High","Very High","High"
"597","Brijuni","Diplodus sargus","RCP45_2100",0.579798129171526,0.583333333333333,0.7,"Very High","Very High","Very High","High"
"598","Brijuni","Sciaena umbra","RCP45_2100",0.579798129171526,0.583333333333333,0.7,"Very High","Very High","Very High","High"
"599","Portofino","Cladocora caespitosa","RCP45_2100",0.63336813636702,0.604166666666667,0.7,"Very High","Very High","Very High","High"
"600","Portofino","Palinurus elephas","RCP45_2100",0.63336813636702,0.541666666666667,0.7,"Very High","Very High","Very High","High"
